{
  "subset": "FD001",
  "epochs": 50,
  "batch_size": 256,
  "seq_len": 30,
  "hidden_size": 64,
  "num_layers": 2,
  "learning_rate": 0.001,
  "training_time_s": 254.41,
  "final_train_loss": 264.078315,
  "final_val_loss": 144.533539,
  "loss_history": [
    8613.086071,
    4445.178382,
    1854.252602,
    1838.864822,
    1840.3971,
    1851.297262,
    1812.171723,
    791.496063,
    533.613603,
    478.962939,
    437.696176,
    389.509101,
    352.752853,
    354.896722,
    333.607827,
    337.155363,
    313.892408,
    324.568789,
    311.854258,
    318.834195,
    312.055583,
    303.893176,
    296.669144,
    288.781181,
    291.618513,
    306.087531,
    287.26393,
    286.051096,
    278.292295,
    281.731973,
    276.946317,
    274.037272,
    277.227227,
    280.906681,
    276.410347,
    277.254689,
    274.27485,
    272.255827,
    269.445743,
    267.729409,
    265.011813,
    267.981101,
    275.063425,
    265.983444,
    270.91566,
    263.986019,
    275.09884,
    277.160384,
    267.17521,
    264.078315
  ],
  "val_loss_history": [
    6724.15918,
    1952.660522,
    1745.984131,
    1745.542969,
    1753.382568,
    1746.477417,
    1384.356689,
    400.710083,
    457.74057,
    324.821838,
    312.641968,
    341.361664,
    365.359894,
    233.336197,
    227.271927,
    226.14978,
    181.884979,
    171.20874,
    256.183014,
    212.314148,
    192.890213,
    157.540497,
    164.248398,
    185.035553,
    174.586136,
    162.454163,
    179.862717,
    188.319199,
    153.260834,
    145.919601,
    163.362106,
    151.066605,
    150.86969,
    149.712494,
    157.177521,
    147.308945,
    144.570892,
    149.761154,
    142.759293,
    142.439285,
    145.093033,
    145.256104,
    157.477982,
    151.609192,
    149.980743,
    141.573273,
    157.304565,
    148.285309,
    142.614853,
    144.533539
  ],
  "val_phm_history": [
    8280152.5,
    358450.34,
    1179713.25,
    1060210.5,
    1439586.5,
    986049.5,
    298722.44,
    26466.3,
    108175.59,
    34971.29,
    43159.68,
    52905.04,
    62930.91,
    21008.11,
    12327.98,
    21571.71,
    13922.05,
    10101.51,
    30976.98,
    11019.35,
    10206.45,
    11762.38,
    9504.39,
    16946.87,
    9841.82,
    9426.13,
    9356.08,
    17388.61,
    10725.14,
    9655.7,
    13299.03,
    10066.28,
    8935.41,
    9826.78,
    8631.18,
    9715.39,
    10052.76,
    10627.16,
    9028.89,
    9446.48,
    9411.24,
    9775.25,
    12334.58,
    11760.2,
    11248.49,
    9486.7,
    12406.3,
    11209.73,
    8662.23,
    8672.46
  ],
  "benchmark": {
    "rmse": 15.0233,
    "phm_score": 383.19,
    "n_test_units": 100
  },
  "literature_baselines": {
    "Zheng_LSTM_2017": {
      "rmse": 16.14,
      "phm": 338
    }
  }
}