{
  "subset": "FD001",
  "epochs": 50,
  "batch_size": 256,
  "seq_len": 30,
  "hidden_size": 64,
  "num_layers": 2,
  "learning_rate": 0.001,
  "training_time_s": 349.59,
  "final_train_loss": 282.237292,
  "final_val_loss": 213.283875,
  "loss_history": [
    8374.904425,
    3953.495587,
    1645.739778,
    918.358497,
    847.607647,
    651.00362,
    514.781645,
    567.210113,
    514.464832,
    441.035055,
    433.333542,
    377.722214,
    411.524457,
    461.299527,
    343.873665,
    346.646419,
    371.681991,
    346.687282,
    362.086341,
    329.69201,
    340.218127,
    325.352391,
    318.674308,
    322.519645,
    304.870422,
    311.48006,
    307.744284,
    307.606166,
    307.273725,
    314.179398,
    292.492125,
    298.348602,
    303.252859,
    301.277967,
    307.665032,
    286.052281,
    289.610248,
    300.472547,
    299.773593,
    303.951051,
    292.354327,
    293.599271,
    288.247766,
    286.240326,
    280.696686,
    287.760462,
    282.707133,
    289.140669,
    280.570283,
    282.237292
  ],
  "val_loss_history": [
    6608.706055,
    1813.360229,
    886.69989,
    587.216431,
    725.791382,
    373.500732,
    457.235809,
    615.96167,
    603.136353,
    253.497055,
    239.921249,
    229.71225,
    227.285553,
    267.60083,
    269.218842,
    237.987564,
    367.175873,
    202.637238,
    233.683594,
    206.263657,
    221.881851,
    226.100388,
    247.114868,
    338.238739,
    205.670639,
    249.554611,
    194.827087,
    196.763901,
    326.139893,
    190.653824,
    182.528732,
    216.885971,
    183.114532,
    182.179718,
    180.033218,
    193.461288,
    240.515015,
    180.370041,
    211.57872,
    196.211594,
    201.474625,
    270.566406,
    226.878403,
    178.873505,
    180.038132,
    187.134796,
    190.339111,
    198.771988,
    188.645782,
    213.283875
  ],
  "val_phm_history": [
    7519718.0,
    602391.25,
    122505.52,
    93481.15,
    132769.11,
    47368.92,
    26094.05,
    161030.89,
    50258.62,
    25657.41,
    17542.16,
    14786.5,
    14165.09,
    16130.36,
    15432.25,
    24005.66,
    21542.68,
    18481.21,
    13351.86,
    12657.22,
    23111.63,
    12571.79,
    14899.13,
    20058.75,
    12785.96,
    14133.35,
    15940.41,
    18639.18,
    19172.83,
    12387.04,
    12567.91,
    12671.25,
    12748.75,
    15395.43,
    13675.66,
    14388.76,
    14595.96,
    16820.72,
    12729.77,
    12468.64,
    12304.41,
    15098.94,
    13318.35,
    14953.28,
    12002.47,
    15048.69,
    13855.29,
    21501.88,
    15923.59,
    12508.13
  ],
  "benchmark": {
    "rmse": 15.4242,
    "phm_score": 394.7,
    "n_test_units": 100
  },
  "literature_baselines": {
    "Zheng_LSTM_2017": {
      "rmse": 16.14,
      "phm": 338
    }
  }
}