{
  "mean": [
    -0.31838664412498474,
    -0.005070171318948269,
    0.06070280075073242,
    0.006697447970509529,
    0.07922334223985672,
    0.1346733570098877,
    0.19271884858608246,
    0.13056306540966034,
    0.00800000224262476,
    -0.4038882553577423,
    0.019872434437274933,
    0.2379351258277893,
    0.40615010261535645,
    -0.03862271457910538,
    0.012505474500358105,
    0.0015968368388712406
  ],
  "std": [
    0.08281518518924713,
    0.001040934701450169,
    0.004279909655451775,
    0.0019548407290130854,
    0.021420827135443687,
    0.03736937791109085,
    0.2534136176109314,
    0.23315095901489258,
    1.862645149230957e-09,
    0.07410933077335358,
    0.007294428534805775,
    0.10895317047834396,
    0.13539262115955353,
    0.015040477737784386,
    0.0038285308983176947,
    0.0005323900259099901
  ]
}